
INSERT INTO address( address_id, city, country, province, street_name, street_number, zip_code) VALUES (1, 'newyork', 'usa', 'ny', 'broadway', '100', '10031');
INSERT INTO address( address_id, city, country, province, street_name, street_number, zip_code) VALUES (2, 'newyork', 'usa', 'ny', 'hamilton', '113', '10001');
INSERT INTO address( address_id, city, country, province, street_name, street_number, zip_code) VALUES (3, 'newyork', 'usa', 'ny', 'fashion', '1254', '10018');
INSERT INTO address( address_id, city, country, province, street_name, street_number, zip_code) VALUES (4, 'newyork', 'usa', 'ny', '11h avenue', '654', '10060');
INSERT INTO address( address_id, city, country, province, street_name, street_number, zip_code) VALUES (5, 'newyork', 'usa', 'ny', '5th avenue', '849', '10115');
INSERT INTO address( address_id, city, country, province, street_name, street_number, zip_code) VALUES (6, 'sherbrooke', 'canada', 'qc', 'laterrier', '456', 'J0B2C0');
INSERT INTO address( address_id, city, country, province, street_name, street_number, zip_code) VALUES (7, 'sherbrooke', 'canada', 'qc', 'portland', '132', 'J1C0P5');
INSERT INTO address( address_id, city, country, province, street_name, street_number, zip_code) VALUES (8, 'sherbrooke', 'canada', 'qc', 'boulevard de universite', '1480', 'J1E0H8');
INSERT INTO address( address_id, city, country, province, street_name, street_number, zip_code) VALUES (9, 'sherbrooke', 'canada', 'qc', 'galt', '1414', 'J1E1K9');
INSERT INTO address( address_id, city, country, province, street_name, street_number, zip_code) VALUES (10, 'sherbrooke', 'canada', 'qc' , 'laterrier', '1244', 'J1k3A9');
INSERT INTO address( address_id, city, country, province, street_name, street_number, zip_code) VALUES (11, 'montreal', 'canada', 'qc', 'henri-bourassa', '456', 'H1A0A1');
INSERT INTO address( address_id, city, country, province, street_name, street_number, zip_code) VALUES (12, 'montreal', 'canada', 'qc', 'jean-talon', '123', 'H1A5B5');
INSERT INTO address( address_id, city, country, province, street_name, street_number, zip_code) VALUES (13, 'montreal', 'canada', 'qc', 'mcgill', '789', 'H1B5L6');
INSERT INTO address( address_id, city, country, province, street_name, street_number, zip_code) VALUES (14, 'montreal', 'canada', 'qc', 'sherbrooke', '111', 'H1C1K1');
INSERT INTO address( address_id, city, country, province, street_name, street_number, zip_code) VALUES (15, 'montreal', 'canada', 'qc', 'uqam', '7414', 'H1C1L2');

INSERT INTO users(user_id, email, name, phone) VALUES (1, 'jean@gmail.com', 'jean', '8194569874');
INSERT INTO users(user_id, email, name, phone) VALUES (2, 'kim@gmail.com', 'kim', '8194569874');
INSERT INTO users(user_id, email, name, phone) VALUES (3, 'sean@gmail.com', 'sean', '8194569874');
INSERT INTO users(user_id, email, name, phone) VALUES (4, 'bill@gmail.com', 'bill', '8194569874');
INSERT INTO users(user_id, email, name, phone) VALUES (5, 'bob@gmail.com', 'bob', '8194569874');
INSERT INTO users(user_id, email, name, phone) VALUES (6, 'jill@gmail.com', 'jill', '8194569874');
INSERT INTO users(user_id, email, name, phone) VALUES (7, 'lily@gmail.com', 'lily', '8194569874');
INSERT INTO users(user_id, email, name, phone) VALUES (8, 'marc@gmail.com', 'marc', '8194569874');
INSERT INTO users(user_id, email, name, phone) VALUES (9, 'allain@gmail.com', 'allain', '8194569874');
INSERT INTO users(user_id, email, name, phone) VALUES (10, 'rosa@gmail.com', 'rosa', '8194569874');
INSERT INTO users(user_id, email, name, phone) VALUES (11, 'aziz@gmail.com', 'aziz', '8194569874');
INSERT INTO users(user_id, email, name, phone) VALUES (12, 'max@gmail.com', 'max', '8194569874');
INSERT INTO users(user_id, email, name, phone) VALUES (13, 'nicolas@gmail.com', 'nicolas', '8194569874');
INSERT INTO users(user_id, email, name, phone) VALUES (14, 'francois@gmail.com', 'francois', '8194569874');
INSERT INTO users(user_id, email, name, phone) VALUES (15, 'dona@gmail.com', 'dona', '8194569874');

INSERT INTO category(category_id, name) VALUES (1, 'Anatomical pathology');
INSERT INTO category(category_id, name) VALUES (2, 'Anesthesiology');
INSERT INTO category(category_id, name) VALUES (3, 'Dentist');
INSERT INTO category(category_id, name) VALUES (4, 'Cardiology');
INSERT INTO category(category_id, name) VALUES (5, 'Dermatology');
INSERT INTO category(category_id, name) VALUES (6, 'Endocrinology/metabolism');
INSERT INTO category(category_id, name) VALUES (7, 'Diagnostic radiology');
INSERT INTO category(category_id, name) VALUES (8, 'Gastroenterology');
INSERT INTO category(category_id, name) VALUES (9, 'Hematology');
INSERT INTO category(category_id, name) VALUES (10, 'Nephrology');
INSERT INTO category(category_id, name) VALUES (11, 'Ophthalmology');
INSERT INTO category(category_id, name) VALUES (12, 'Psychiatry');
INSERT INTO category(category_id, name) VALUES (13, 'Urology');
INSERT INTO category(category_id, name) VALUES (14, 'Rheumatology');
INSERT INTO category(category_id, name) VALUES (15, 'Neurology');
INSERT INTO category(category_id, name) VALUES (16, 'Obstetrics/gynecology');
INSERT INTO category(category_id, name) VALUES (17, 'Pediatrics');

INSERT INTO working_day( working_day_id, closing, day, opening, working) VALUES (1 , '17:00', 'Saturday', '8:00', false);
INSERT INTO working_day( working_day_id, closing, day, opening, working) VALUES (2 , '17:00', 'Sunday', '8:00', false);
INSERT INTO working_day( working_day_id, closing, day, opening, working) VALUES (3 , '17:00', 'Monday', '8:00', true);
INSERT INTO working_day( working_day_id, closing, day, opening, working) VALUES (4 , '17:00', 'Tuesday', '8:00', true);
INSERT INTO working_day( working_day_id, closing, day, opening, working) VALUES (5 , '17:00', 'Wednesday', '8:00', true);
INSERT INTO working_day( working_day_id, closing, day, opening, working) VALUES (6 , '17:00', 'Thursday', '8:00', true);
INSERT INTO working_day( working_day_id, closing, day, opening, working) VALUES (7 , '17:00', 'Friday', '8:00', true);
INSERT INTO working_day( working_day_id, closing, day, opening, working) VALUES (8 , '17:00', 'Saturday', '8:00', false);
INSERT INTO working_day( working_day_id, closing, day, opening, working) VALUES (9 , '17:00', 'Sunday', '8:00', false);
INSERT INTO working_day( working_day_id, closing, day, opening, working) VALUES (10 , '17:00', 'Monday', '8:00', true);
INSERT INTO working_day( working_day_id, closing, day, opening, working) VALUES (11 , '17:00', 'Tuesday', '8:00', true);
INSERT INTO working_day( working_day_id, closing, day, opening, working) VALUES (12 , '17:00', 'Wednesday', '8:00', true);
INSERT INTO working_day( working_day_id, closing, day, opening, working) VALUES (13 , '17:00', 'Thursday', '8:00', true);
INSERT INTO working_day( working_day_id, closing, day, opening, working) VALUES (14 , '17:00', 'Friday', '8:00', true);
INSERT INTO working_day( working_day_id, closing, day, opening, working) VALUES (15 , '17:00', 'Saturday', '8:00', false);
INSERT INTO working_day( working_day_id, closing, day, opening, working) VALUES (16 , '17:00', 'Sunday', '8:00', false);
INSERT INTO working_day( working_day_id, closing, day, opening, working) VALUES (17 , '17:00', 'Monday', '8:00', true);
INSERT INTO working_day( working_day_id, closing, day, opening, working) VALUES (18 , '17:00', 'Tuesday', '8:00', true);
INSERT INTO working_day( working_day_id, closing, day, opening, working) VALUES (19 , '17:00', 'Wednesday', '8:00', true);
INSERT INTO working_day( working_day_id, closing, day, opening, working) VALUES (20 , '17:00', 'Thursday', '8:00', true);
INSERT INTO working_day( working_day_id, closing, day, opening, working) VALUES (21 , '17:00', 'Friday', '8:00', true);
INSERT INTO working_day( working_day_id, closing, day, opening, working) VALUES (22 , '17:00', 'Saturday', '8:00', false);
INSERT INTO working_day( working_day_id, closing, day, opening, working) VALUES (23 , '17:00', 'Sunday', '8:00', false);
INSERT INTO working_day( working_day_id, closing, day, opening, working) VALUES (24 , '17:00', 'Monday', '8:00', true);
INSERT INTO working_day( working_day_id, closing, day, opening, working) VALUES (25 , '17:00', 'Tuesday', '8:00', true);
INSERT INTO working_day( working_day_id, closing, day, opening, working) VALUES (26 , '17:00', 'Wednesday', '8:00', true);
INSERT INTO working_day( working_day_id, closing, day, opening, working) VALUES (27 , '17:00', 'Thursday', '8:00', true);
INSERT INTO working_day( working_day_id, closing, day, opening, working) VALUES (28 , '17:00', 'Friday', '8:00', true);
INSERT INTO working_day( working_day_id, closing, day, opening, working) VALUES (29 , '17:00', 'Saturday', '8:00', false);
INSERT INTO working_day( working_day_id, closing, day, opening, working) VALUES (30 , '17:00', 'Sunday', '8:00', false);
INSERT INTO working_day( working_day_id, closing, day, opening, working) VALUES (31 , '17:00', 'Monday', '8:00', true);
INSERT INTO working_day( working_day_id, closing, day, opening, working) VALUES (32 , '17:00', 'Tuesday', '8:00', true);
INSERT INTO working_day( working_day_id, closing, day, opening, working) VALUES (33 , '17:00', 'Wednesday', '8:00', true);
INSERT INTO working_day( working_day_id, closing, day, opening, working) VALUES (34 , '17:00', 'Thursday', '8:00', true);
INSERT INTO working_day( working_day_id, closing, day, opening, working) VALUES (35 , '17:00', 'Friday', '8:00', true);
INSERT INTO working_day( working_day_id, closing, day, opening, working) VALUES (36 , '17:00', 'Saturday', '8:00', false);
INSERT INTO working_day( working_day_id, closing, day, opening, working) VALUES (37 , '17:00', 'Sunday', '8:00', false);
INSERT INTO working_day( working_day_id, closing, day, opening, working) VALUES (38 , '17:00', 'Monday', '8:00', true);
INSERT INTO working_day( working_day_id, closing, day, opening, working) VALUES (39 , '17:00', 'Tuesday', '8:00', true);
INSERT INTO working_day( working_day_id, closing, day, opening, working) VALUES (40 , '17:00', 'Wednesday', '8:00', true);
INSERT INTO working_day( working_day_id, closing, day, opening, working) VALUES (41 , '17:00', 'Thursday', '8:00', true);
INSERT INTO working_day( working_day_id, closing, day, opening, working) VALUES (42 , '17:00', 'Friday', '8:00', true);
INSERT INTO working_day( working_day_id, closing, day, opening, working) VALUES (43 , '17:00', 'Saturday', '8:00', false);
INSERT INTO working_day( working_day_id, closing, day, opening, working) VALUES (44 , '17:00', 'Sunday', '8:00', false);
INSERT INTO working_day( working_day_id, closing, day, opening, working) VALUES (45 , '17:00', 'Monday', '8:00', true);
INSERT INTO working_day( working_day_id, closing, day, opening, working) VALUES (46 , '17:00', 'Tuesday', '8:00', true);
INSERT INTO working_day( working_day_id, closing, day, opening, working) VALUES (47 , '17:00', 'Wednesday', '8:00', true);
INSERT INTO working_day( working_day_id, closing, day, opening, working) VALUES (48 , '17:00', 'Thursday', '8:00', true);
INSERT INTO working_day( working_day_id, closing, day, opening, working) VALUES (49 , '17:00', 'Friday', '8:00', true);
INSERT INTO working_day( working_day_id, closing, day, opening, working) VALUES (50 , '17:00', 'Saturday', '8:00', false);
INSERT INTO working_day( working_day_id, closing, day, opening, working) VALUES (51 , '17:00', 'Sunday', '8:00', false);
INSERT INTO working_day( working_day_id, closing, day, opening, working) VALUES (52 , '17:00', 'Monday', '8:00', true);
INSERT INTO working_day( working_day_id, closing, day, opening, working) VALUES (53 , '17:00', 'Tuesday', '8:00', true);
INSERT INTO working_day( working_day_id, closing, day, opening, working) VALUES (54 , '17:00', 'Wednesday', '8:00', true);
INSERT INTO working_day( working_day_id, closing, day, opening, working) VALUES (55 , '17:00', 'Thursday', '8:00', true);
INSERT INTO working_day( working_day_id, closing, day, opening, working) VALUES (56 , '17:00', 'Friday', '8:00', true);
INSERT INTO working_day( working_day_id, closing, day, opening, working) VALUES (57 , '17:00', 'Saturday', '8:00', false);
INSERT INTO working_day( working_day_id, closing, day, opening, working) VALUES (58 , '17:00', 'Sunday', '8:00', false);
INSERT INTO working_day( working_day_id, closing, day, opening, working) VALUES (59 , '17:00', 'Monday', '8:00', true);
INSERT INTO working_day( working_day_id, closing, day, opening, working) VALUES (60 , '17:00', 'Tuesday', '8:00', true);
INSERT INTO working_day( working_day_id, closing, day, opening, working) VALUES (61 , '17:00', 'Wednesday', '8:00', true);
INSERT INTO working_day( working_day_id, closing, day, opening, working) VALUES (62 , '17:00', 'Thursday', '8:00', true);
INSERT INTO working_day( working_day_id, closing, day, opening, working) VALUES (63 , '17:00', 'Friday', '8:00', true);
INSERT INTO working_day( working_day_id, closing, day, opening, working) VALUES (64 , '17:00', 'Saturday', '8:00', false);
INSERT INTO working_day( working_day_id, closing, day, opening, working) VALUES (65 , '17:00', 'Sunday', '8:00', false);
INSERT INTO working_day( working_day_id, closing, day, opening, working) VALUES (66 , '17:00', 'Monday', '8:00', true);
INSERT INTO working_day( working_day_id, closing, day, opening, working) VALUES (67 , '17:00', 'Tuesday', '8:00', true);
INSERT INTO working_day( working_day_id, closing, day, opening, working) VALUES (68 , '17:00', 'Wednesday', '8:00', true);
INSERT INTO working_day( working_day_id, closing, day, opening, working) VALUES (69 , '17:00', 'Thursday', '8:00', true);
INSERT INTO working_day( working_day_id, closing, day, opening, working) VALUES (70 , '17:00', 'Friday', '8:00', true);
INSERT INTO working_day( working_day_id, closing, day, opening, working) VALUES (71 , '17:00', 'Saturday', '8:00', false);
INSERT INTO working_day( working_day_id, closing, day, opening, working) VALUES (72 , '17:00', 'Sunday', '8:00', false);
INSERT INTO working_day( working_day_id, closing, day, opening, working) VALUES (73 , '17:00', 'Monday', '8:00', true);
INSERT INTO working_day( working_day_id, closing, day, opening, working) VALUES (74 , '17:00', 'Tuesday', '8:00', true);
INSERT INTO working_day( working_day_id, closing, day, opening, working) VALUES (75 , '17:00', 'Wednesday', '8:00', true);
INSERT INTO working_day( working_day_id, closing, day, opening, working) VALUES (76 , '17:00', 'Thursday', '8:00', true);
INSERT INTO working_day( working_day_id, closing, day, opening, working) VALUES (77 , '17:00', 'Friday', '8:00', true);
INSERT INTO working_day( working_day_id, closing, day, opening, working) VALUES (78 , '17:00', 'Saturday', '8:00', false);
INSERT INTO working_day( working_day_id, closing, day, opening, working) VALUES (79 , '17:00', 'Sunday', '8:00', false);
INSERT INTO working_day( working_day_id, closing, day, opening, working) VALUES (80 , '17:00', 'Monday', '8:00', true);
INSERT INTO working_day( working_day_id, closing, day, opening, working) VALUES (81 , '17:00', 'Tuesday', '8:00', true);
INSERT INTO working_day( working_day_id, closing, day, opening, working) VALUES (82 , '17:00', 'Wednesday', '8:00', true);
INSERT INTO working_day( working_day_id, closing, day, opening, working) VALUES (83 , '17:00', 'Thursday', '8:00', true);
INSERT INTO working_day( working_day_id, closing, day, opening, working) VALUES (84 , '17:00', 'Friday', '8:00', true);
INSERT INTO working_day( working_day_id, closing, day, opening, working) VALUES (85 , '17:00', 'Saturday', '8:00', false);
INSERT INTO working_day( working_day_id, closing, day, opening, working) VALUES (86 , '17:00', 'Sunday', '8:00', false);
INSERT INTO working_day( working_day_id, closing, day, opening, working) VALUES (87 , '17:00', 'Monday', '8:00', true);
INSERT INTO working_day( working_day_id, closing, day, opening, working) VALUES (88 , '17:00', 'Tuesday', '8:00', true);
INSERT INTO working_day( working_day_id, closing, day, opening, working) VALUES (89 , '17:00', 'Wednesday', '8:00', true);
INSERT INTO working_day( working_day_id, closing, day, opening, working) VALUES (90 , '17:00', 'Thursday', '8:00', true);
INSERT INTO working_day( working_day_id, closing, day, opening, working) VALUES (91 , '17:00', 'Friday', '8:00', true);
INSERT INTO working_day( working_day_id, closing, day, opening, working) VALUES (92 , '17:00', 'Saturday', '8:00', false);
INSERT INTO working_day( working_day_id, closing, day, opening, working) VALUES (93 , '17:00', 'Sunday', '8:00', false);
INSERT INTO working_day( working_day_id, closing, day, opening, working) VALUES (94 , '17:00', 'Monday', '8:00', true);
INSERT INTO working_day( working_day_id, closing, day, opening, working) VALUES (95 , '17:00', 'Tuesday', '8:00', true);
INSERT INTO working_day( working_day_id, closing, day, opening, working) VALUES (96 , '17:00', 'Wednesday', '8:00', true);
INSERT INTO working_day( working_day_id, closing, day, opening, working) VALUES (97 , '17:00', 'Thursday', '8:00', true);
INSERT INTO working_day( working_day_id, closing, day, opening, working) VALUES (98 , '17:00', 'Friday', '8:00', true);
INSERT INTO working_day( working_day_id, closing, day, opening, working) VALUES (99 , '17:00', 'Saturday', '8:00', false);
INSERT INTO working_day( working_day_id, closing, day, opening, working) VALUES (100, '17:00', 'Sunday', '8:00', false);
INSERT INTO working_day( working_day_id, closing, day, opening, working) VALUES (101, '17:00', 'Monday', '8:00', true);
INSERT INTO working_day( working_day_id, closing, day, opening, working) VALUES (102, '17:00', 'Tuesday', '8:00', true);
INSERT INTO working_day( working_day_id, closing, day, opening, working) VALUES (103, '17:00', 'Wednesday', '8:00', true);
INSERT INTO working_day( working_day_id, closing, day, opening, working) VALUES (104, '17:00', 'Thursday', '8:00', true);
INSERT INTO working_day( working_day_id, closing, day, opening, working) VALUES (105, '17:00', 'Friday', '8:00', true);

INSERT INTO availability(availability_id) VALUES (1);
INSERT INTO availability(availability_id) VALUES (2);
INSERT INTO availability(availability_id) VALUES (3);
INSERT INTO availability(availability_id) VALUES (4);
INSERT INTO availability(availability_id) VALUES (5);
INSERT INTO availability(availability_id) VALUES (6);
INSERT INTO availability(availability_id) VALUES (7);
INSERT INTO availability(availability_id) VALUES (8);
INSERT INTO availability(availability_id) VALUES (9);
INSERT INTO availability(availability_id) VALUES (10);
INSERT INTO availability(availability_id) VALUES (11);
INSERT INTO availability(availability_id) VALUES (12);
INSERT INTO availability(availability_id) VALUES (13);
INSERT INTO availability(availability_id) VALUES (14);
INSERT INTO availability(availability_id) VALUES (15);

INSERT INTO availability_working_day( availability_availability_id, days_working_day_id) VALUES (1, 1 );
INSERT INTO availability_working_day( availability_availability_id, days_working_day_id) VALUES (1, 2 );
INSERT INTO availability_working_day( availability_availability_id, days_working_day_id) VALUES (1, 3 );
INSERT INTO availability_working_day( availability_availability_id, days_working_day_id) VALUES (1, 4 );
INSERT INTO availability_working_day( availability_availability_id, days_working_day_id) VALUES (1, 5 );
INSERT INTO availability_working_day( availability_availability_id, days_working_day_id) VALUES (1, 6 );
INSERT INTO availability_working_day( availability_availability_id, days_working_day_id) VALUES (1, 7 );
INSERT INTO availability_working_day( availability_availability_id, days_working_day_id) VALUES (2, 8 );
INSERT INTO availability_working_day( availability_availability_id, days_working_day_id) VALUES (2, 9 );
INSERT INTO availability_working_day( availability_availability_id, days_working_day_id) VALUES (2, 10 );
INSERT INTO availability_working_day( availability_availability_id, days_working_day_id) VALUES (2, 11 );
INSERT INTO availability_working_day( availability_availability_id, days_working_day_id) VALUES (2, 12 );
INSERT INTO availability_working_day( availability_availability_id, days_working_day_id) VALUES (2, 13 );
INSERT INTO availability_working_day( availability_availability_id, days_working_day_id) VALUES (2, 14 );
INSERT INTO availability_working_day( availability_availability_id, days_working_day_id) VALUES (3, 15 );
INSERT INTO availability_working_day( availability_availability_id, days_working_day_id) VALUES (3, 16 );
INSERT INTO availability_working_day( availability_availability_id, days_working_day_id) VALUES (3, 17 );
INSERT INTO availability_working_day( availability_availability_id, days_working_day_id) VALUES (3, 18 );
INSERT INTO availability_working_day( availability_availability_id, days_working_day_id) VALUES (3, 19 );
INSERT INTO availability_working_day( availability_availability_id, days_working_day_id) VALUES (3, 20 );
INSERT INTO availability_working_day( availability_availability_id, days_working_day_id) VALUES (3, 21 );
INSERT INTO availability_working_day( availability_availability_id, days_working_day_id) VALUES (4, 22 );
INSERT INTO availability_working_day( availability_availability_id, days_working_day_id) VALUES (4, 23 );
INSERT INTO availability_working_day( availability_availability_id, days_working_day_id) VALUES (4, 24 );
INSERT INTO availability_working_day( availability_availability_id, days_working_day_id) VALUES (4, 25 );
INSERT INTO availability_working_day( availability_availability_id, days_working_day_id) VALUES (4, 26 );
INSERT INTO availability_working_day( availability_availability_id, days_working_day_id) VALUES (4, 27 );
INSERT INTO availability_working_day( availability_availability_id, days_working_day_id) VALUES (4, 28 );
INSERT INTO availability_working_day( availability_availability_id, days_working_day_id) VALUES (5, 29 );
INSERT INTO availability_working_day( availability_availability_id, days_working_day_id) VALUES (5, 30 );
INSERT INTO availability_working_day( availability_availability_id, days_working_day_id) VALUES (5, 31 );
INSERT INTO availability_working_day( availability_availability_id, days_working_day_id) VALUES (5, 32 );
INSERT INTO availability_working_day( availability_availability_id, days_working_day_id) VALUES (5, 33 );
INSERT INTO availability_working_day( availability_availability_id, days_working_day_id) VALUES (5, 34 );
INSERT INTO availability_working_day( availability_availability_id, days_working_day_id) VALUES (5, 35 );
INSERT INTO availability_working_day( availability_availability_id, days_working_day_id) VALUES (6, 36 );
INSERT INTO availability_working_day( availability_availability_id, days_working_day_id) VALUES (6, 37 );
INSERT INTO availability_working_day( availability_availability_id, days_working_day_id) VALUES (6, 38 );
INSERT INTO availability_working_day( availability_availability_id, days_working_day_id) VALUES (6, 39 );
INSERT INTO availability_working_day( availability_availability_id, days_working_day_id) VALUES (6, 40 );
INSERT INTO availability_working_day( availability_availability_id, days_working_day_id) VALUES (6, 41 );
INSERT INTO availability_working_day( availability_availability_id, days_working_day_id) VALUES (6, 42 );
INSERT INTO availability_working_day( availability_availability_id, days_working_day_id) VALUES (7, 43 );
INSERT INTO availability_working_day( availability_availability_id, days_working_day_id) VALUES (7, 44 );
INSERT INTO availability_working_day( availability_availability_id, days_working_day_id) VALUES (7, 45 );
INSERT INTO availability_working_day( availability_availability_id, days_working_day_id) VALUES (7, 46 );
INSERT INTO availability_working_day( availability_availability_id, days_working_day_id) VALUES (7, 47 );
INSERT INTO availability_working_day( availability_availability_id, days_working_day_id) VALUES (7, 48 );
INSERT INTO availability_working_day( availability_availability_id, days_working_day_id) VALUES (7, 49 );
INSERT INTO availability_working_day( availability_availability_id, days_working_day_id) VALUES (8, 50 );
INSERT INTO availability_working_day( availability_availability_id, days_working_day_id) VALUES (8, 51 );
INSERT INTO availability_working_day( availability_availability_id, days_working_day_id) VALUES (8, 52 );
INSERT INTO availability_working_day( availability_availability_id, days_working_day_id) VALUES (8, 53 );
INSERT INTO availability_working_day( availability_availability_id, days_working_day_id) VALUES (8, 54 );
INSERT INTO availability_working_day( availability_availability_id, days_working_day_id) VALUES (8, 55 );
INSERT INTO availability_working_day( availability_availability_id, days_working_day_id) VALUES (8, 56 );
INSERT INTO availability_working_day( availability_availability_id, days_working_day_id) VALUES (9, 57 );
INSERT INTO availability_working_day( availability_availability_id, days_working_day_id) VALUES (9, 58 );
INSERT INTO availability_working_day( availability_availability_id, days_working_day_id) VALUES (9, 59 );
INSERT INTO availability_working_day( availability_availability_id, days_working_day_id) VALUES (9, 60 );
INSERT INTO availability_working_day( availability_availability_id, days_working_day_id) VALUES (9, 61 );
INSERT INTO availability_working_day( availability_availability_id, days_working_day_id) VALUES (9, 62 );
INSERT INTO availability_working_day( availability_availability_id, days_working_day_id) VALUES (9, 63 );
INSERT INTO availability_working_day( availability_availability_id, days_working_day_id) VALUES (10,64 );
INSERT INTO availability_working_day( availability_availability_id, days_working_day_id) VALUES (10,65 );
INSERT INTO availability_working_day( availability_availability_id, days_working_day_id) VALUES (10,66 );
INSERT INTO availability_working_day( availability_availability_id, days_working_day_id) VALUES (10,67 );
INSERT INTO availability_working_day( availability_availability_id, days_working_day_id) VALUES (10,68 );
INSERT INTO availability_working_day( availability_availability_id, days_working_day_id) VALUES (10,69 );
INSERT INTO availability_working_day( availability_availability_id, days_working_day_id) VALUES (10,70 );
INSERT INTO availability_working_day( availability_availability_id, days_working_day_id) VALUES (11,71 );
INSERT INTO availability_working_day( availability_availability_id, days_working_day_id) VALUES (11,72 );
INSERT INTO availability_working_day( availability_availability_id, days_working_day_id) VALUES (11,73 );
INSERT INTO availability_working_day( availability_availability_id, days_working_day_id) VALUES (11,74 );
INSERT INTO availability_working_day( availability_availability_id, days_working_day_id) VALUES (11,75 );
INSERT INTO availability_working_day( availability_availability_id, days_working_day_id) VALUES (11,76 );
INSERT INTO availability_working_day( availability_availability_id, days_working_day_id) VALUES (11,77 );
INSERT INTO availability_working_day( availability_availability_id, days_working_day_id) VALUES (12,78 );
INSERT INTO availability_working_day( availability_availability_id, days_working_day_id) VALUES (12,79 );
INSERT INTO availability_working_day( availability_availability_id, days_working_day_id) VALUES (12,80 );
INSERT INTO availability_working_day( availability_availability_id, days_working_day_id) VALUES (12,81 );
INSERT INTO availability_working_day( availability_availability_id, days_working_day_id) VALUES (12,82 );
INSERT INTO availability_working_day( availability_availability_id, days_working_day_id) VALUES (12,83 );
INSERT INTO availability_working_day( availability_availability_id, days_working_day_id) VALUES (12,84 );
INSERT INTO availability_working_day( availability_availability_id, days_working_day_id) VALUES (13,85 );
INSERT INTO availability_working_day( availability_availability_id, days_working_day_id) VALUES (13,86 );
INSERT INTO availability_working_day( availability_availability_id, days_working_day_id) VALUES (13,87 );
INSERT INTO availability_working_day( availability_availability_id, days_working_day_id) VALUES (13,88 );
INSERT INTO availability_working_day( availability_availability_id, days_working_day_id) VALUES (13,89 );
INSERT INTO availability_working_day( availability_availability_id, days_working_day_id) VALUES (13,90 );
INSERT INTO availability_working_day( availability_availability_id, days_working_day_id) VALUES (13,91 );
INSERT INTO availability_working_day( availability_availability_id, days_working_day_id) VALUES (14,92 );
INSERT INTO availability_working_day( availability_availability_id, days_working_day_id) VALUES (14,93 );
INSERT INTO availability_working_day( availability_availability_id, days_working_day_id) VALUES (14,94 );
INSERT INTO availability_working_day( availability_availability_id, days_working_day_id) VALUES (14,95 );
INSERT INTO availability_working_day( availability_availability_id, days_working_day_id) VALUES (14,96 );
INSERT INTO availability_working_day( availability_availability_id, days_working_day_id) VALUES (14,97 );
INSERT INTO availability_working_day( availability_availability_id, days_working_day_id) VALUES (14,98 );
INSERT INTO availability_working_day( availability_availability_id, days_working_day_id) VALUES (15,99 );
INSERT INTO availability_working_day( availability_availability_id, days_working_day_id) VALUES (15,100 );
INSERT INTO availability_working_day( availability_availability_id, days_working_day_id) VALUES (15,101 );
INSERT INTO availability_working_day( availability_availability_id, days_working_day_id) VALUES (15,102 );
INSERT INTO availability_working_day( availability_availability_id, days_working_day_id) VALUES (15,103 );
INSERT INTO availability_working_day( availability_availability_id, days_working_day_id) VALUES (15,104 );
INSERT INTO availability_working_day( availability_availability_id, days_working_day_id) VALUES (15,105 );

INSERT INTO contact(contact_id, phone_number, email) VALUES (1, 8194321569, 'jean@gmail.com');
INSERT INTO contact(contact_id, phone_number, email) VALUES (2, 8194321569, 'kim@gmail.com' );
INSERT INTO contact(contact_id, phone_number, email) VALUES (3, 8194321569, 'sean@gmail.com');
INSERT INTO contact(contact_id, phone_number, email) VALUES (4, 8194321569, 'bill@gmail.com');
INSERT INTO contact(contact_id, phone_number, email) VALUES (5, 8194321569, 'bob@gmail.com' );
INSERT INTO contact(contact_id, phone_number, email) VALUES (6, 8194321569, 'jill@gmail.com');
INSERT INTO contact(contact_id, phone_number, email) VALUES (7, 8194321569, 'lily@gmail.com');
INSERT INTO contact(contact_id, phone_number, email) VALUES (8, 8194321569, 'marc@gmail.com');
INSERT INTO contact(contact_id, phone_number, email) VALUES (9, 8194321569, 'allain@gmail.com');
INSERT INTO contact(contact_id, phone_number, email) VALUES (10, 8194321569,'rosa@gmail.com');
INSERT INTO contact(contact_id, phone_number, email) VALUES (11, 8194321569, 'aziz@gmail.com');
INSERT INTO contact(contact_id, phone_number, email) VALUES (12, 8194321569, 'max@gmail.com');
INSERT INTO contact(contact_id, phone_number, email) VALUES (13, 8194321569, 'nicolas@gmail.com');
INSERT INTO contact(contact_id, phone_number, email) VALUES (14, 8194321569, 'francois@gmail.com');
INSERT INTO contact(contact_id, phone_number, email) VALUES (15, 8194321569, 'dona@gmail.com');



INSERT INTO business( business_id, description, image, name, password, photo, website, availability, address, category, contact, user_id) VALUES (1,  '', '', 'jean', '1' , '', '', 1 , 1 , 1,  1 , 1 );
INSERT INTO business( business_id, description, image, name, password, photo, website, availability, address, category, contact, user_id) VALUES (2,  '', '', 'kim', '2' , '', '', 2 , 2 , 1,  2 , 2 );
INSERT INTO business( business_id, description, image, name, password, photo, website, availability, address, category, contact, user_id) VALUES (3,  '', '', 'sean', '3' , '', '', 3 , 3 , 17, 3 , 3 );
INSERT INTO business( business_id, description, image, name, password, photo, website, availability, address, category, contact, user_id) VALUES (4,  '', '', 'bill', '4' , '', '', 4 , 4 , 2,  4 , 4 );
INSERT INTO business( business_id, description, image, name, password, photo, website, availability, address, category, contact, user_id) VALUES (5,  '', '', 'bob', '5' , '', '', 5 , 5 , 15, 5 , 5 );
INSERT INTO business( business_id, description, image, name, password, photo, website, availability, address, category, contact, user_id) VALUES (6,  '', '', 'jill', '6' , '', '', 6 , 6 , 2,  6 , 6 );
INSERT INTO business( business_id, description, image, name, password, photo, website, availability, address, category, contact, user_id) VALUES (7,  '', '', 'lily', '7' , '', '', 7 , 7 , 3,  7 , 7 );
INSERT INTO business( business_id, description, image, name, password, photo, website, availability, address, category, contact, user_id) VALUES (8,  '', '', 'marc', '8' , '', '', 8 , 8 , 4,  8 , 8 );
INSERT INTO business( business_id, description, image, name, password, photo, website, availability, address, category, contact, user_id) VALUES (9,  '', '', 'allain', '9' , '', '', 9 , 9 , 4,  9 , 9 );
INSERT INTO business( business_id, description, image, name, password, photo, website, availability, address, category, contact, user_id) VALUES (10, '', '', 'rosa', '10', '', '', 10, 10, 5,  10, 10);
INSERT INTO business( business_id, description, image, name, password, photo, website, availability, address, category, contact, user_id) VALUES (11, '', '', 'aziz', '11', '', '', 11, 11, 6,  11, 11);
INSERT INTO business( business_id, description, image, name, password, photo, website, availability, address, category, contact, user_id) VALUES (12, '', '', 'max', '12', '', '', 12, 12, 6,  12, 12);
INSERT INTO business( business_id, description, image, name, password, photo, website, availability, address, category, contact, user_id) VALUES (13, '', '', 'nicolas', '13', '', '', 13, 13, 7,  13, 13);
INSERT INTO business( business_id, description, image, name, password, photo, website, availability, address, category, contact, user_id) VALUES (14, '', '', 'francois', '14', '', '', 14, 14, 7,  14, 14);
INSERT INTO business( business_id, description, image, name, password, photo, website, availability, address, category, contact, user_id) VALUES (15, '', '', 'dona', '15', '', '', 15, 15, 8,  15, 15);

																								   



